"Tabela 202 - População residente, por sexo e situação do domicílio",,,,,,,,,,,,,,,,,,
Variável - População residente (Pessoas),,,,,,,,,,,,,,,,,,
,,,,1970,1970,1970,1980,1980,1980,1991,1991,1991,2000,2000,2000,2010,2010,2010
nivel_cod,nivel,cod,nome,Total,H,M,Total,H,M,Total,H,M,Total,H,M,Total,H,M
MU,Município,3106200,Belo Horizonte (MG),1235030,587667,647363,1780839,852379,928460,2020161,956173,1063988,2238526,1057263,1181263,2375151,1113513,1261638
SD,Subdistrito,31062000562,Centro-Sul,,,,,,,,,,266003,119434,146569,272285,122159,150126
SD,Subdistrito,31062000563,Leste,,,,,,,,,,249094,115369,133725,249273,115056,134217
SD,Subdistrito,31062000564,Nordeste,,,,,,,,,,138021,63818,74203,143472,66256,77216
SD,Subdistrito,31062000565,Noroeste,,,,,,,,,,337351,158014,179337,331362,154055,177307
SD,Subdistrito,31062000567,Oeste,,,,,,,,,,267289,125863,141426,285126,133281,151845
SD,Subdistrito,31062000568,Pampulha,,,,,,,,,,111114,53213,57901,148370,70719,77651
SD,Subdistrito,31062000569,Venda Nova,,,,,,,,,,2993,1461,1532,3402,1667,1735
BA,Bairro,3106200001,Santa Inês,,,,,,,,,,,,,9172,4236,4936
BA,Bairro,3106200002,Horto Florestal,,,,,,,,,,,,,5971,2681,3290
BA,Bairro,3106200003,Camponesa 1ª seção,,,,,,,,,,,,,122,62,60
BA,Bairro,3106200004,Sagrada Família,,,,,,,,,,,,,34395,15623,18772
BA,Bairro,3106200005,Nova Vista,,,,,,,,,,,,,8409,3961,4448
BA,Bairro,3106200006,Boa Vista,,,,,,,,,,,,,17574,8161,9413
BA,Bairro,3106200007,Vila Boa Vista,,,,,,,,,,,,,958,460,498
BA,Bairro,3106200008,Casa Branca,,,,,,,,,,,,,6351,3033,3318
BA,Bairro,3106200009,Colégio Batista,,,,,,,,,,,,,10167,4656,5511
BA,Bairro,3106200010,Floresta,,,,,,,,,,,,,11841,5107,6734
BA,Bairro,3106200011,Santa Tereza,,,,,,,,,,,,,15607,6920,8687
BA,Bairro,3106200012,São Vicente,,,,,,,,,,,,,505,234,271
BA,Bairro,3106200013,Buraco Quente,,,,,,,,,,,,,1003,490,513
BA,Bairro,3106200014,Horto,,,,,,,,,,,,,3429,1484,1945
BA,Bairro,3106200015,João Alfredo,,,,,,,,,,,,,391,177,214
BA,Bairro,3106200016,São Geraldo,,,,,,,,,,,,,13974,6545,7429
BA,Bairro,3106200017,Camponesa 2ª Seção,,,,,,,,,,,,,236,111,125
BA,Bairro,3106200018,Vila São Geraldo,,,,,,,,,,,,,182,87,95
BA,Bairro,3106200019,Grota,,,,,,,,,,,,,195,92,103
BA,Bairro,3106200020,Mariano de Abreu,,,,,,,,,,,,,3541,1687,1854
BA,Bairro,3106200021,Esplanada,,,,,,,,,,,,,8219,3736,4483
BA,Bairro,3106200022,Vila Nossa Senhora do Rosário,,,,,,,,,,,,,673,301,372
BA,Bairro,3106200023,Pompéia,,,,,,,,,,,,,5686,2595,3091
BA,Bairro,3106200024,Vila São Rafael,,,,,,,,,,,,,1190,539,651
BA,Bairro,3106200025,Vera Cruz,,,,,,,,,,,,,3862,1812,2050
BA,Bairro,3106200029,Saudade,,,,,,,,,,,,,4893,2293,2600
BA,Bairro,3106200032,Alto Vera Cruz,,,,,,,,,,,,,21459,10187,11272
BA,Bairro,3106200033,Xangri-lá,,,,,,,,,,,,,8,3,5
BA,Bairro,3106200034,Caetano Furquim,,,,,,,,,,,,,370,173,197
BA,Bairro,3106200035,Taquaril,,,,,,,,,,,,,3389,1602,1787
BA,Bairro,3106200036,Granja de Freitas,,,,,,,,,,,,,3602,1682,1920
BA,Bairro,3106200037,Vila da Ária,,,,,,,,,,,,,337,171,166
BA,Bairro,3106200038,Conjunto Taquaril,,,,,,,,,,,,,14977,7258,7719
BA,Bairro,3106200039,Jonas Veiga,,,,,,,,,,,,,2580,1221,1359
BA,Bairro,3106200040,Pirineus,,,,,,,,,,,,,636,322,314
BA,Bairro,3106200041,Cidade Jardim Taquaril,,,,,,,,,,,,,173,87,86
BA,Bairro,3106200042,Baleia,,,,,,,,,,,,,17,10,7
BA,Bairro,3106200043,Santa Efigênia,,,,,,,,,,,,,17653,7887,9766
BA,Bairro,3106200044,Paraíso,,,,,,,,,,,,,13414,6065,7349
BA,Bairro,3106200045,Vila União,,,,,,,,,,,,,760,377,383
BA,Bairro,3106200046,Cônego Pinheiro 1ª Seção,,,,,,,,,,,,,446,191,255
BA,Bairro,3106200047,Cônego Pinheiro 2ª Seção,,,,,,,,,,,,,43,16,27
BA,Bairro,3106200048,Vila Paraíso,,,,,,,,,,,,,414,166,248
BA,Bairro,3106200049,Novo São Lucas,,,,,,,,,,,,,3926,1785,2141
BA,Bairro,3106200050,Vila Novo São Lucas,,,,,,,,,,,,,3677,1764,1913
BA,Bairro,3106200051,Fazendinha,,,,,,,,,,,,,3715,1722,1993
BA,Bairro,3106200052,Nossa Senhora do Rosário,,,,,,,,,,,,,173,82,91
BA,Bairro,3106200053,Vila Santo Antônio,,,,,,,,,,,,,335,150,185
BA,Bairro,3106200054,Lagoinha,,,,,,,,,,,,,3873,1757,2116
BA,Bairro,3106200055,São Cristóvão,,,,,,,,,,,,,2981,1262,1719
BA,Bairro,3106200056,Cachoeirinha,,,,,,,,,,,,,9209,4284,4925
BA,Bairro,3106200057,Vila Nova Cachoeirinha 3ª Seção,,,,,,,,,,,,,698,322,376
BA,Bairro,3106200058,Canadá,,,,,,,,,,,,,492,229,263
BA,Bairro,3106200059,Concórdia,,,,,,,,,,,,,10693,4834,5859
BA,Bairro,3106200060,Tiradentes,,,,,,,,,,,,,1661,791,870
BA,Bairro,3106200061,Vila do Pombal,,,,,,,,,,,,,142,72,70
BA,Bairro,3106200062,Graça,,,,,,,,,,,,,4792,2210,2582
BA,Bairro,3106200063,Silveira,,,,,,,,,,,,,5800,2623,3177
BA,Bairro,3106200064,Nova Floresta,,,,,,,,,,,,,4496,2010,2486
BA,Bairro,3106200065,Renascença,,,,,,,,,,,,,8882,3997,4885
BA,Bairro,3106200066,Santa Cruz,,,,,,,,,,,,,22306,10363,11943
BA,Bairro,3106200067,Vila da Paz,,,,,,,,,,,,,534,245,289
BA,Bairro,3106200068,Vila Inestan,,,,,,,,,,,,,701,332,369
BA,Bairro,3106200069,Ipiranga,,,,,,,,,,,,,12194,5564,6630
BA,Bairro,3106200070,Vila Ipiranga,,,,,,,,,,,,,187,93,94
BA,Bairro,3106200071,Palmares,,,,,,,,,,,,,5521,2615,2906
BA,Bairro,3106200072,Maria Virgínia,,,,,,,,,,,,,3837,1855,1982
BA,Bairro,3106200073,São Sebastião,,,,,,,,,,,,,356,163,193
BA,Bairro,3106200074,São Paulo,,,,,,,,,,,,,3750,1773,1977
BA,Bairro,3106200075,Andiroba,,,,,,,,,,,,,791,390,401
BA,Bairro,3106200076,Vila São Paulo,,,,,,,,,,,,,1898,892,1006
BA,Bairro,3106200077,Cidade Nova,,,,,,,,,,,,,15378,6959,8419
BA,Bairro,3106200078,União,,,,,,,,,,,,,14729,6907,7822
BA,Bairro,3106200079,Vila de Sá,,,,,,,,,,,,,971,460,511
BA,Bairro,3106200080,Dom Joaquim,,,,,,,,,,,,,3279,1541,1738
BA,Bairro,3106200081,Penha,,,,,,,,,,,,,2226,1023,1203
BA,Bairro,3106200082,Fernão Dias,,,,,,,,,,,,,4190,2017,2173
BA,Bairro,3106200083,Centro,,,,,,,,,,,,,16245,6666,9579
BA,Bairro,3106200084,Vila Suzana Primeira Seção,,,,,,,,,,,,,646,300,346
BA,Bairro,3106200085,Vila Suzana Segunda Seção,,,,,,,,,,,,,60,29,31
BA,Bairro,3106200086,Funcionários,,,,,,,,,,,,,8838,3796,5042
BA,Bairro,3106200087,Savassi,,,,,,,,,,,,,11772,5121,6651
BA,Bairro,3106200088,Boa Viagem,,,,,,,,,,,,,4564,1824,2740
BA,Bairro,3106200089,Lourdes,,,,,,,,,,,,,18905,8496,10409
BA,Bairro,3106200090,Santo Agostinho,,,,,,,,,,,,,9881,4460,5421
BA,Bairro,3106200091,Barro Preto,,,,,,,,,,,,,6183,2659,3524
BA,Bairro,3106200092,São Lucas,,,,,,,,,,,,,2987,1283,1704
BA,Bairro,3106200093,Nossa Senhora da Aparecida,,,,,,,,,,,,,4341,2073,2268
BA,Bairro,3106200094,Nossa Senhora da Conceição,,,,,,,,,,,,,6225,2876,3349
BA,Bairro,3106200095,Santana do Cafezal,,,,,,,,,,,,,4078,1982,2096
BA,Bairro,3106200096,Nossa Senhora de Fátima,,,,,,,,,,,,,9640,4664,4976
BA,Bairro,3106200097,Marçola,,,,,,,,,,,,,6556,3176,3380
BA,Bairro,3106200098,Serra,,,,,,,,,,,,,20277,8994,11283
BA,Bairro,3106200099,Mangabeiras,,,,,,,,,,,,,1947,906,1041
BA,Bairro,3106200100,Comiteco,,,,,,,,,,,,,1738,811,927
BA,Bairro,3106200101,Belvedere,,,,,,,,,,,,,8828,4186,4642
BA,Bairro,3106200102,Santa Lúcia,,,,,,,,,,,,,7225,3351,3874
BA,Bairro,3106200103,Acaba Mundo,,,,,,,,,,,,,1173,596,577
BA,Bairro,3106200104,São Bento,,,,,,,,,,,,,3688,1706,1982
BA,Bairro,3106200105,Ápia,,,,,,,,,,,,,405,185,220
BA,Bairro,3106200106,Conjunto Santa Maria,,,,,,,,,,,,,1127,519,608
BA,Bairro,3106200107,Vila Bandeirantes,,,,,,,,,,,,,562,274,288
BA,Bairro,3106200108,Luxemburgo,,,,,,,,,,,,,6412,2927,3485
BA,Bairro,3106200109,Coração de Jesus,,,,,,,,,,,,,5812,2538,3274
BA,Bairro,3106200110,Vila Paris,,,,,,,,,,,,,3560,1620,1940
BA,Bairro,3106200111,Monte São José,,,,,,,,,,,,,1111,542,569
BA,Bairro,3106200112,Cidade Jardim,,,,,,,,,,,,,1528,661,867
BA,Bairro,3106200113,Santo Antônio,,,,,,,,,,,,,21642,9616,12026
BA,Bairro,3106200114,Vila Barragem Santa Lúcia,,,,,,,,,,,,,7999,3906,4093
BA,Bairro,3106200115,Santa Rita de Cássia,,,,,,,,,,,,,6082,2888,3194
BA,Bairro,3106200116,Estrela,,,,,,,,,,,,,1591,730,861
BA,Bairro,3106200117,São Pedro,,,,,,,,,,,,,6328,2863,3465
BA,Bairro,3106200118,Carmo,,,,,,,,,,,,,3816,1655,2161
BA,Bairro,3106200119,Cruzeiro,,,,,,,,,,,,,8144,3640,4504
BA,Bairro,3106200120,Anchieta,,,,,,,,,,,,,12740,5628,7112
BA,Bairro,3106200121,Sion,,,,,,,,,,,,,19700,8644,11056
BA,Bairro,3106200122,Santa Isabel,,,,,,,,,,,,,139,64,75
BA,Bairro,3106200123,Vila Fumec,,,,,,,,,,,,,72,33,39
BA,Bairro,3106200124,Pindura Saia,,,,,,,,,,,,,153,66,87
BA,Bairro,3106200125,Mala e Cuia,,,,,,,,,,,,,60,29,31
BA,Bairro,3106200126,Prado,,,,,,,,,,,,,13800,6081,7719
BA,Bairro,3106200127,Vila Calafate,,,,,,,,,,,,,529,270,259
BA,Bairro,3106200128,Calafate,,,,,,,,,,,,,7475,3501,3974
BA,Bairro,3106200129,Barroca,,,,,,,,,,,,,3311,1429,1882
BA,Bairro,3106200130,Alto Barroca,,,,,,,,,,,,,5213,2434,2779
BA,Bairro,3106200131,Grajaú,,,,,,,,,,,,,6279,2893,3386
BA,Bairro,3106200132,Nova Granada,,,,,,,,,,,,,5979,2785,3194
BA,Bairro,3106200133,Barão Homem de Melo 2ª Seção,,,,,,,,,,,,,207,81,126
BA,Bairro,3106200134,Jardim América,,,,,,,,,,,,,11177,5190,5987
BA,Bairro,3106200135,Nova Suíça,,,,,,,,,,,,,15218,6843,8375
BA,Bairro,3106200136,Salgado Filho,,,,,,,,,,,,,14679,6852,7827
BA,Bairro,3106200137,Gutierrez,,,,,,,,,,,,,17507,7705,9802
BA,Bairro,3106200138,Guaratã,,,,,,,,,,,,,766,335,431
BA,Bairro,3106200139,Cinquentenário,,,,,,,,,,,,,5460,2574,2886
BA,Bairro,3106200140,Marajó,,,,,,,,,,,,,2885,1339,1546
BA,Bairro,3106200141,Estrela do Oriente,,,,,,,,,,,,,4761,2288,2473
BA,Bairro,3106200142,Betânia,,,,,,,,,,,,,12054,5600,6454
BA,Bairro,3106200143,Vila Vista Alegre,,,,,,,,,,,,,11413,5493,5920
BA,Bairro,3106200144,Nova Cintra,,,,,,,,,,,,,5664,2631,3033
BA,Bairro,3106200145,Embaúbas,,,,,,,,,,,,,1809,876,933
BA,Bairro,3106200146,Nova Gameleira,,,,,,,,,,,,,9478,4475,5003
BA,Bairro,3106200147,Vila Nova Gameleira 1ª Seção,,,,,,,,,,,,,819,406,413
BA,Bairro,3106200148,Vila Nova Gameleira 2ª Seção,,,,,,,,,,,,,1399,631,768
BA,Bairro,3106200149,Jardinópolis,,,,,,,,,,,,,1728,829,899
BA,Bairro,3106200150,Cabana do Pai Tomás,,,,,,,,,,,,,17994,8545,9449
BA,Bairro,3106200151,Vista Alegre,,,,,,,,,,,,,5160,2406,2754
BA,Bairro,3106200152,Bairro das Indústrias II,,,,,,,,,,,,,1033,484,549
BA,Bairro,3106200153,Custodinha,,,,,,,,,,,,,319,142,177
BA,Bairro,3106200154,Madre Gertrudes,,,,,,,,,,,,,4475,2083,2392
BA,Bairro,3106200155,Vila Madre Gertrudes 1ª Seção,,,,,,,,,,,,,1930,948,982
BA,Bairro,3106200156,Vila Madre Gertrudes 2ª Seção,,,,,,,,,,,,,666,327,339
BA,Bairro,3106200157,Vila Madre Gertrudes 3ª Seção,,,,,,,,,,,,,421,224,197
BA,Bairro,3106200158,Vila Madre Gertrudes 4ª Seção,,,,,,,,,,,,,201,107,94
BA,Bairro,3106200159,Camargos,,,,,,,,,,,,,13088,6297,6791
BA,Bairro,3106200160,Virgínia,,,,,,,,,,,,,861,413,448
BA,Bairro,3106200161,Sport Club,,,,,,,,,,,,,1071,537,534
BA,Bairro,3106200162,Vila da Amizade,,,,,,,,,,,,,402,185,217
BA,Bairro,3106200163,Ambrosina,,,,,,,,,,,,,800,373,427
BA,Bairro,3106200165,Vila Nova Gameleira 3ª Seção,,,,,,,,,,,,,95,43,52
BA,Bairro,3106200166,Gameleira,,,,,,,,,,,,,328,155,173
BA,Bairro,3106200167,Barão Homem de Melo 1ª Seção,,,,,,,,,,,,,1899,897,1002
BA,Bairro,3106200168,Barão Homem de Melo 3ª Seção,,,,,,,,,,,,,189,84,105
BA,Bairro,3106200169,Vila Nova Paraíso,,,,,,,,,,,,,704,374,330
BA,Bairro,3106200170,Ventosa,,,,,,,,,,,,,7055,3379,3676
BA,Bairro,3106200171,Vila Santa Rosa,,,,,,,,,,,,,1391,662,729
BA,Bairro,3106200172,Parque São José,,,,,,,,,,,,,3184,1479,1705
BA,Bairro,3106200173,Havaí,,,,,,,,,,,,,15251,7329,7922
BA,Bairro,3106200174,Vila Havaí,,,,,,,,,,,,,347,163,184
BA,Bairro,3106200175,São Jorge 1ª Seção,,,,,,,,,,,,,1723,804,919
BA,Bairro,3106200176,São Jorge 2ª Seção,,,,,,,,,,,,,2710,1298,1412
BA,Bairro,3106200177,São Jorge 3ª Seção,,,,,,,,,,,,,2851,1356,1495
BA,Bairro,3106200178,Vila Antena,,,,,,,,,,,,,1600,753,847
BA,Bairro,3106200179,Santa Sofia,,,,,,,,,,,,,2782,1294,1488
BA,Bairro,3106200180,Leonina,,,,,,,,,,,,,3670,1800,1870
BA,Bairro,3106200181,Chácara Leonina,,,,,,,,,,,,,434,212,222
BA,Bairro,3106200182,Alpes,,,,,,,,,,,,,2197,1046,1151
BA,Bairro,3106200183,Pantanal,,,,,,,,,,,,,919,451,468
BA,Bairro,3106200184,Estoril,,,,,,,,,,,,,4539,2131,2408
BA,Bairro,3106200185,Palmeiras,,,,,,,,,,,,,7653,3678,3975
BA,Bairro,3106200186,Buritis,,,,,,,,,,,,,29374,13924,15450
BA,Bairro,3106200187,Olhos D'Água,,,,,,,,,,,,,1566,755,811
BA,Bairro,3106200188,Vila Betânia,,,,,,,,,,,,,195,97,98
BA,Bairro,3106200189,Pilar,,,,,,,,,,,,,2946,1447,1499
BA,Bairro,3106200190,Céu Azul,,,,,,,,,,,,,23817,11426,12391
BA,Bairro,3106200191,Alípio de Melo,,,,,,,,,,,,,9530,4367,5163
BA,Bairro,3106200192,Alto Caiçaras,,,,,,,,,,,,,7411,3446,3965
BA,Bairro,3106200193,Alto dos Pinheiros,,,,,,,,,,,,,3191,1484,1707
BA,Bairro,3106200194,Álvaro Camargos,,,,,,,,,,,,,1080,536,544
BA,Bairro,3106200195,Aparecida,,,,,,,,,,,,,9830,4488,5342
BA,Bairro,3106200196,Aparecida 7ª Seção,,,,,,,,,,,,,4917,2247,2670
BA,Bairro,3106200197,Bom Jesus,,,,,,,,,,,,,3615,1633,1982
BA,Bairro,3106200198,Bonfim,,,,,,,,,,,,,4448,2064,2384
BA,Bairro,3106200199,Caiçara - Adelaide,,,,,,,,,,,,,10794,4893,5901
BA,Bairro,3106200200,Caiçaras,,,,,,,,,,,,,13150,6015,7135
BA,Bairro,3106200201,Califórnia,,,,,,,,,,,,,6080,2925,3155
BA,Bairro,3106200202,Vila Rica,,,,,,,,,,,,,200,86,114
BA,Bairro,3106200203,Carlos Prates,,,,,,,,,,,,,15285,6884,8401
BA,Bairro,3106200204,Conjunto Califórnia I,,,,,,,,,,,,,3347,1599,1748
BA,Bairro,3106200205,Conjunto Califórnia II,,,,,,,,,,,,,1737,813,924
BA,Bairro,3106200206,Conjunto Celso Machado,,,,,,,,,,,,,2696,1249,1447
BA,Bairro,3106200207,Conjunto Jardim Filadélfia,,,,,,,,,,,,,3002,1472,1530
BA,Bairro,3106200208,Conjunto Novo Dom Bosco,,,,,,,,,,,,,704,332,372
BA,Bairro,3106200209,Coqueiros,,,,,,,,,,,,,7668,3729,3939
BA,Bairro,3106200210,Coração Eucarístico,,,,,,,,,,,,,7654,3581,4073
BA,Bairro,3106200211,Delta,,,,,,,,,,,,,954,486,468
BA,Bairro,3106200212,Dom Bosco,,,,,,,,,,,,,9720,4644,5076
BA,Bairro,3106200213,Dom Cabral,,,,,,,,,,,,,4280,1933,2347
BA,Bairro,3106200214,Engenho Nogueira,,,,,,,,,,,,,1375,673,702
BA,Bairro,3106200215,Ermelinda,,,,,,,,,,,,,3455,1687,1768
BA,Bairro,3106200216,Glória,,,,,,,,,,,,,14627,6882,7745
BA,Bairro,3106200217,Inconfidência,,,,,,,,,,,,,3465,1675,1790
BA,Bairro,3106200218,Jardim Alvorada,,,,,,,,,,,,,9914,4699,5215
BA,Bairro,3106200219,Jardim Montanhês,,,,,,,,,,,,,5957,2742,3215
BA,Bairro,3106200220,Jardim São José,,,,,,,,,,,,,6964,3302,3662
BA,Bairro,3106200221,João Pinheiro,,,,,,,,,,,,,9640,4397,5243
BA,Bairro,3106200222,Vila Maloca,,,,,,,,,,,,,663,318,345
BA,Bairro,3106200223,Lorena,,,,,,,,,,,,,91,46,45
BA,Bairro,3106200224,Maravilha,,,,,,,,,,,,,56,30,26
BA,Bairro,3106200225,Marmiteiros,,,,,,,,,,,,,785,380,405
BA,Bairro,3106200226,Minas Brasil,,,,,,,,,,,,,3511,1657,1854
BA,Bairro,3106200227,Monsenhor Messias,,,,,,,,,,,,,4489,1997,2492
BA,Bairro,3106200228,Nova Cachoeirinha,,,,,,,,,,,,,4735,2144,2591
BA,Bairro,3106200229,Nova Esperança,,,,,,,,,,,,,4426,2058,2368
BA,Bairro,3106200230,Novo Glória,,,,,,,,,,,,,7856,3693,4163
BA,Bairro,3106200231,Oeste,,,,,,,,,,,,,3796,1768,2028
BA,Bairro,3106200232,Padre Eustáquio,,,,,,,,,,,,,28773,12895,15878
BA,Bairro,3106200233,Pedreira Padro Lopes,,,,,,,,,,,,,4453,2084,2369
BA,Bairro,3106200234,Pindorama,,,,,,,,,,,,,17579,8175,9404
BA,Bairro,3106200235,Santa Maria,,,,,,,,,,,,,7075,3309,3766
BA,Bairro,3106200236,Santo André,,,,,,,,,,,,,7411,3375,4036
BA,Bairro,3106200237,Vila Paquetá,,,,,,,,,,,,,703,351,352
BA,Bairro,3106200238,São Francisco das Chagas,,,,,,,,,,,,,1346,663,683
BA,Bairro,3106200239,São Salvador,,,,,,,,,,,,,5839,2759,3080
BA,Bairro,3106200240,Senhor dos Passos,,,,,,,,,,,,,2849,1318,1531
BA,Bairro,3106200241,Serrano,,,,,,,,,,,,,9971,4748,5223
BA,Bairro,3106200243,Vila Antena Montanhês,,,,,,,,,,,,,448,206,242
BA,Bairro,3106200244,Vila Califórnia,,,,,,,,,,,,,3100,1496,1604
BA,Bairro,3106200245,Vila Coqueiral,,,,,,,,,,,,,1533,735,798
BA,Bairro,3106200246,Vila das Oliveiras,,,,,,,,,,,,,241,98,143
BA,Bairro,3106200247,Vila Jardim Alvorada,,,,,,,,,,,,,2776,1330,1446
BA,Bairro,3106200248,Vila Jardim Montanhes,,,,,,,,,,,,,259,116,143
BA,Bairro,3106200249,Vila Jardim São José,,,,,,,,,,,,,1698,818,880
BA,Bairro,3106200250,Vila Nova Cachoeirinha 1ª Seção,,,,,,,,,,,,,2273,1106,1167
BA,Bairro,3106200251,Vila Nova Cachoeirinha 2ª Seção,,,,,,,,,,,,,145,66,79
BA,Bairro,3106200252,Vila Oeste,,,,,,,,,,,,,1339,625,714
BA,Bairro,3106200253,Vila Puc,,,,,,,,,,,,,89,44,45
BA,Bairro,3106200254,Vila Santo Antônio Barroquinha,,,,,,,,,,,,,667,323,344
BA,Bairro,3106200255,Vila Sumaré,,,,,,,,,,,,,2987,1417,1570
BA,Bairro,3106200256,Vila Trinta e Um de Março,,,,,,,,,,,,,1525,715,810
BA,Bairro,3106200257,Aeroporto,,,,,,,,,,,,,1325,643,682
BA,Bairro,3106200258,Bandeirantes,,,,,,,,,,,,,5428,2659,2769
BA,Bairro,3106200259,Vila São Francisco,,,,,,,,,,,,,69,28,41
BA,Bairro,3106200260,Braúnas,,,,,,,,,,,,,2031,979,1052
BA,Bairro,3106200262,Castelo,,,,,,,,,,,,,17083,8153,8930
BA,Bairro,3106200263,Confisco,,,,,,,,,,,,,4283,2033,2250
BA,Bairro,3106200264,Conjunto Lagoa,,,,,,,,,,,,,662,294,368
BA,Bairro,3106200265,Conjunto São Francisco de Assis,,,,,,,,,,,,,300,153,147
BA,Bairro,3106200266,Copacabana,,,,,,,,,,,,,13333,6414,6919
BA,Bairro,3106200267,Dona Clara,,,,,,,,,,,,,8844,4136,4708
BA,Bairro,3106200268,Garças,,,,,,,,,,,,,966,484,482
BA,Bairro,3106200269,Indaiá,,,,,,,,,,,,,3317,1615,1702
BA,Bairro,3106200270,Itatiaia,,,,,,,,,,,,,1793,881,912
BA,Bairro,3106200271,Jaraguá,,,,,,,,,,,,,4059,1908,2151
BA,Bairro,3106200272,Jardim Atlântico,,,,,,,,,,,,,1459,699,760
BA,Bairro,3106200273,Liberdade,,,,,,,,,,,,,4477,2199,2278
BA,Bairro,3106200274,Manacas,,,,,,,,,,,,,8248,3954,4294
BA,Bairro,3106200275,Nova Pampulha,,,,,,,,,,,,,350,155,195
BA,Bairro,3106200276,Novo Ouro Preto,,,,,,,,,,,,,502,241,261
BA,Bairro,3106200277,Ouro Preto,,,,,,,,,,,,,17255,8244,9011
BA,Bairro,3106200278,Paquetá,,,,,,,,,,,,,6420,3087,3333
BA,Bairro,3106200279,Santa Rosa,,,,,,,,,,,,,6723,3065,3658
BA,Bairro,3106200280,Santa Terezinha,,,,,,,,,,,,,15792,7429,8363
BA,Bairro,3106200281,São Francisco,,,,,,,,,,,,,4389,2062,2327
BA,Bairro,3106200282,São José,,,,,,,,,,,,,1522,688,834
BA,Bairro,3106200283,São Luiz,,,,,,,,,,,,,4762,2250,2512
BA,Bairro,3106200284,Suzana,,,,,,,,,,,,,1986,951,1035
BA,Bairro,3106200285,Trevo,,,,,,,,,,,,,4311,2141,2170
BA,Bairro,3106200286,Universitário,,,,,,,,,,,,,1995,924,1071
BA,Bairro,3106200287,Urca,,,,,,,,,,,,,4685,2241,2444
BA,Bairro,3106200288,Vila Aeroporto,,,,,,,,,,,,,2092,1037,1055
BA,Bairro,3106200289,Vila Aeroporto Jaraguá,,,,,,,,,,,,,618,278,340
BA,Bairro,3106200290,Vila Engenho Nogueira,,,,,,,,,,,,,263,126,137
BA,Bairro,3106200291,Vila Real 1ª Seção,,,,,,,,,,,,,109,56,53
BA,Bairro,3106200292,Vila Real 2ª Seção,,,,,,,,,,,,,683,342,341
BA,Bairro,3106200294,Túnel de Ibirité,,,,,,,,,,,,,1894,909,985
BA,Bairro,3106200295,Marieta 1ª Seção,,,,,,,,,,,,,1227,602,625
BA,Bairro,3106200296,Marieta 2ª Seção,,,,,,,,,,,,,181,85,96
BA,Bairro,3106200297,Marieta 3ª Seção,,,,,,,,,,,,,96,46,50
BA,Bairro,3106200298,Vila Piratininga,,,,,,,,,,,,,1693,823,870
BA,Bairro,3106200299,Jatobá,,,,,,,,,,,,,3447,1655,1792
BA,Bairro,3106200300,Marilandia,,,,,,,,,,,,,865,417,448
BA,Bairro,3106200301,Vila Batik,,,,,,,,,,,,,192,92,100
BA,Bairro,3106200302,Vila Olhos D'Água,,,,,,,,,,,,,892,430,462
BA,Bairro,3106200303,Vila Pilar,,,,,,,,,,,,,910,437,473
BA,Bairro,3106200304,São João,,,,,,,,,,,,,1686,815,871
BA,Bairro,3106200305,Serra do Curral,,,,,,,,,,,,,344,170,174
BA,Bairro,3106200306,Bonsucesso,,,,,,,,,,,,,6424,3212,3212
BA,Bairro,3106200307,Bernadete,,,,,,,,,,,,,1516,727,789
BA,Bairro,3106200308,Alto das Antenas,,,,,,,,,,,,,384,184,200
BA,Bairro,3106200309,Esperança,,,,,,,,,,,,,2146,1052,1094
BA,Bairro,3106200310,Vila Cemig,,,,,,,,,,,,,5668,2820,2848
BA,Bairro,3106200311,Flavio Marques Lisboa,,,,,,,,,,,,,7861,3690,4171
BA,Bairro,3106200312,Flavio de Oliveira,,,,,,,,,,,,,2872,1370,1502
BA,Bairro,3106200313,Cardoso,,,,,,,,,,,,,10582,5043,5539
BA,Bairro,3106200314,Araguaia,,,,,,,,,,,,,14635,6915,7720
BA,Bairro,3106200315,Milionario,,,,,,,,,,,,,12175,5914,6261
BA,Bairro,3106200316,Vila Nova dos Milionarios,,,,,,,,,,,,,587,277,310
BA,Bairro,3106200317,Vila Copasa,,,,,,,,,,,,,321,154,167
BA,Bairro,3106200318,Conjunto Bonsucesso,,,,,,,,,,,,,1030,512,518
BA,Bairro,3106200319,Novo das Industrias,,,,,,,,,,,,,4614,2205,2409
BA,Bairro,3106200320,Alta Tensão 1ª Seção,,,,,,,,,,,,,397,175,222
BA,Bairro,3106200321,Alta Tensão 2ª Seção,,,,,,,,,,,,,2010,1010,1000
BA,Bairro,3106200322,das Indústrias I,,,,,,,,,,,,,9182,4383,4799
BA,Bairro,3106200323,Pongelupe,,,,,,,,,,,,,2680,1274,1406
BA,Bairro,3106200324,Solar do Barreiro,,,,,,,,,,,,,4385,2083,2302
BA,Bairro,3106200325,Corumbiara,,,,,,,,,,,,,952,468,484
BA,Bairro,3106200326,Vila Ecológica,,,,,,,,,,,,,1704,860,844
BA,Bairro,3106200327,Distrito Industrial do Jatoba,,,,,,,,,,,,,644,324,320
BA,Bairro,3106200328,Aguas Claras,,,,,,,,,,,,,2023,950,1073
BA,Bairro,3106200329,Vitoria da Conquista,,,,,,,,,,,,,1184,575,609
BA,Bairro,3106200330,Vila Independencia 1ª Seção,,,,,,,,,,,,,3023,1422,1601
BA,Bairro,3106200331,Vila Independencia 2ª Seção,,,,,,,,,,,,,980,483,497
BA,Bairro,3106200332,Vila independencia 3ª Seção,,,,,,,,,,,,,368,176,192
BA,Bairro,3106200333,Independência,,,,,,,,,,,,,8334,4071,4263
BA,Bairro,3106200334,Mineirão,,,,,,,,,,,,,4235,2080,2155
BA,Bairro,3106200335,Vila Mangueiras,,,,,,,,,,,,,1903,924,979
BA,Bairro,3106200336,Mangueiras,,,,,,,,,,,,,3467,1669,1798
BA,Bairro,3106200337,Petropolis,,,,,,,,,,,,,2150,1045,1105
BA,Bairro,3106200338,Vila Petropolis,,,,,,,,,,,,,298,156,142
BA,Bairro,3106200339,Santa Rita,,,,,,,,,,,,,2790,1320,1470
BA,Bairro,3106200340,Ernesto Nascimento,,,,,,,,,,,,,2142,1042,1100
BA,Bairro,3106200341,Vale do Jatoba,,,,,,,,,,,,,8047,3812,4235
BA,Bairro,3106200342,Jardim do Vale,,,,,,,,,,,,,1117,533,584
BA,Bairro,3106200343,Conjunto Jatoba,,,,,,,,,,,,,3720,1790,1930
BA,Bairro,3106200344,Novo Santa Cecilia,,,,,,,,,,,,,2355,1174,1181
BA,Bairro,3106200345,Vila Pinho,,,,,,,,,,,,,8225,3910,4315
BA,Bairro,3106200346,Brasil Industrial,,,,,,,,,,,,,7030,3439,3591
BA,Bairro,3106200347,Diamante,,,,,,,,,,,,,11979,5761,6218
BA,Bairro,3106200348,Olaria,,,,,,,,,,,,,5776,2833,2943
BA,Bairro,3106200349,CDI Jatoba,,,,,,,,,,,,,204,128,76
BA,Bairro,3106200350,Santa Cecilia,,,,,,,,,,,,,2917,1452,1465
BA,Bairro,3106200351,Vila Formosa,,,,,,,,,,,,,1444,682,762
BA,Bairro,3106200352,Castanheira,,,,,,,,,,,,,5650,2657,2993
BA,Bairro,3106200353,Miramar,,,,,,,,,,,,,6124,2937,3187
BA,Bairro,3106200354,Santa Helena,,,,,,,,,,,,,5356,2609,2747
BA,Bairro,3106200355,Teixeira Dias,,,,,,,,,,,,,7050,3306,3744
BA,Bairro,3106200356,Barreiro,,,,,,,,,,,,,9243,4358,4885
BA,Bairro,3106200357,Santa Margarida,,,,,,,,,,,,,2311,1082,1229
BA,Bairro,3106200358,Ademar Maldonado,,,,,,,,,,,,,1803,830,973
BA,Bairro,3106200359,Atila de Paiva,,,,,,,,,,,,,1207,589,618
BA,Bairro,3106200360,Vila Atila de Paiva,,,,,,,,,,,,,1582,756,826
BA,Bairro,3106200361,João Paulo II,,,,,,,,,,,,,1792,814,978
BA,Bairro,3106200362,Vila Tirol,,,,,,,,,,,,,208,107,101
BA,Bairro,3106200363,Tirol,,,,,,,,,,,,,11372,5558,5814
BA,Bairro,3106200364,Lindéia,,,,,,,,,,,,,24146,11648,12498
BA,Bairro,3106200365,Serra Verde,,,,,,,,,,,,,14005,6543,7462
BA,Bairro,3106200366,Varzea da Palma,,,,,,,,,,,,,125,54,71
BA,Bairro,3106200367,Venda Nova,,,,,,,,,,,,,2684,1245,1439
BA,Bairro,3106200368,Vila Canto do Sabiá,,,,,,,,,,,,,173,86,87
BA,Bairro,3106200369,Vila Copacabana,,,,,,,,,,,,,1348,665,683
BA,Bairro,3106200370,Vila dos Anjos,,,,,,,,,,,,,808,376,432
BA,Bairro,3106200371,Vila Satélite,,,,,,,,,,,,,128,59,69
BA,Bairro,3106200372,Vila São João Batista,,,,,,,,,,,,,2486,1217,1269
BA,Bairro,3106200373,Vila Piratininga Venda Nova,,,,,,,,,,,,,366,181,185
BA,Bairro,3106200374,São Marcos,,,,,,,,,,,,,6925,3258,3667
BA,Bairro,3106200375,Ipe,,,,,,,,,,,,,4687,2212,2475
BA,Bairro,3106200376,Goiania,,,,,,,,,,,,,16229,7726,8503
BA,Bairro,3106200377,Morro dos Macacos,,,,,,,,,,,,,340,154,186
BA,Bairro,3106200378,São Benedito,,,,,,,,,,,,,1597,776,821
BA,Bairro,3106200380,Vila da Luz,,,,,,,,,,,,,1491,749,742
BA,Bairro,3106200381,Maria Goretti,,,,,,,,,,,,,8501,4045,4456
BA,Bairro,3106200382,Pirajá,,,,,,,,,,,,,3231,1502,1729
BA,Bairro,3106200383,Eymard,,,,,,,,,,,,,3947,1853,2094
BA,Bairro,3106200384,Vitoria,,,,,,,,,,,,,3435,1726,1709
BA,Bairro,3106200385,Pousada Santo Antonio,,,,,,,,,,,,,1629,787,842
BA,Bairro,3106200386,Bela Vitoria,,,,,,,,,,,,,664,317,347
BA,Bairro,3106200387,Jardim Vitoria,,,,,,,,,,,,,9534,4694,4840
BA,Bairro,3106200388,Vila Maria,,,,,,,,,,,,,5308,2567,2741
BA,Bairro,3106200389,Mirtes,,,,,,,,,,,,,346,177,169
BA,Bairro,3106200390,São Gabriel,,,,,,,,,,,,,13726,6424,7302
BA,Bairro,3106200391,Vila São Gabriel Jacui,,,,,,,,,,,,,699,336,363
BA,Bairro,3106200392,Vila São Dimas,,,,,,,,,,,,,194,86,108
BA,Bairro,3106200393,Vila Esplanada,,,,,,,,,,,,,990,492,498
BA,Bairro,3106200394,Vila São Gabriel,,,,,,,,,,,,,420,203,217
BA,Bairro,3106200395,Dom Silverio,,,,,,,,,,,,,4195,1984,2211
BA,Bairro,3106200396,Boa Esperança,,,,,,,,,,,,,546,269,277
BA,Bairro,3106200397,Tres Marias,,,,,,,,,,,,,587,285,302
BA,Bairro,3106200398,Ouro Minas,,,,,,,,,,,,,4143,2011,2132
BA,Bairro,3106200399,Vila Ouro Minas,,,,,,,,,,,,,588,303,285
BA,Bairro,3106200400,Belmonte,,,,,,,,,,,,,2236,1092,1144
BA,Bairro,3106200401,Nazare,,,,,,,,,,,,,8182,3942,4240
BA,Bairro,3106200402,Vista do Sol,,,,,,,,,,,,,5121,2569,2552
BA,Bairro,3106200403,Grotinha,,,,,,,,,,,,,447,245,202
BA,Bairro,3106200404,Acaiaca,,,,,,,,,,,,,2565,1237,1328
BA,Bairro,3106200405,Paulo VI,,,,,,,,,,,,,6205,3008,3197
BA,Bairro,3106200406,Beira Linha,,,,,,,,,,,,,4132,1998,2134
BA,Bairro,3106200407,Ribeiro de Abreu,,,,,,,,,,,,,16020,7671,8349
BA,Bairro,3106200408,Antonio Ribeiro de Abreu 1ª Seção,,,,,,,,,,,,,484,237,247
BA,Bairro,3106200411,Capitão Eduardo,,,,,,,,,,,,,1256,667,589
BA,Bairro,3106200412,Conjunto Paulo VI,,,,,,,,,,,,,3228,1519,1709
BA,Bairro,3106200413,Conjunto Capitão Eduardo,,,,,,,,,,,,,2781,1365,1416
BA,Bairro,3106200414,Beija Flor,,,,,,,,,,,,,1258,608,650
BA,Bairro,3106200415,Itapoa,,,,,,,,,,,,,9476,4357,5119
BA,Bairro,3106200416,Santa Amelia,,,,,,,,,,,,,18188,8623,9565
BA,Bairro,3106200417,Santa Branca,,,,,,,,,,,,,5355,2479,2876
BA,Bairro,3106200418,Santa Monica,,,,,,,,,,,,,23883,11163,12720
BA,Bairro,3106200419,São Tomaz,,,,,,,,,,,,,7415,3529,3886
BA,Bairro,3106200420,Unidas,,,,,,,,,,,,,367,195,172
BA,Bairro,3106200421,Universo,,,,,,,,,,,,,2833,1399,1434
BA,Bairro,3106200422,Aarão Reis,,,,,,,,,,,,,2962,1405,1557
BA,Bairro,3106200423,Bacurau,,,,,,,,,,,,,104,54,50
BA,Bairro,3106200424,Biquinhas,,,,,,,,,,,,,1671,797,874
BA,Bairro,3106200425,Boa União 1ª Seção,,,,,,,,,,,,,309,152,157
BA,Bairro,3106200426,Boa União 2ª seção,,,,,,,,,,,,,177,72,105
BA,Bairro,3106200427,Campo Alegre,,,,,,,,,,,,,2776,1276,1500
BA,Bairro,3106200428,Canaa,,,,,,,,,,,,,2614,1309,1305
BA,Bairro,3106200429,Conjunto Floramar,,,,,,,,,,,,,916,425,491
BA,Bairro,3106200430,Conjunto Providencia,,,,,,,,,,,,,283,130,153
BA,Bairro,3106200431,Etelvina Carneiro,,,,,,,,,,,,,2331,1156,1175
BA,Bairro,3106200432,Floramar,,,,,,,,,,,,,9775,4543,5232
BA,Bairro,3106200433,Frei Leopoldo,,,,,,,,,,,,,1995,962,1033
BA,Bairro,3106200434,Granja Werneck,,,,,,,,,,,,,2068,1002,1066
BA,Bairro,3106200435,Guarani,,,,,,,,,,,,,7718,3595,4123
BA,Bairro,3106200436,Heliopolis,,,,,,,,,,,,,6675,3139,3536
BA,Bairro,3106200437,Jaqueline,,,,,,,,,,,,,16195,7704,8491
BA,Bairro,3106200438,Jardim Felicidade,,,,,,,,,,,,,15486,7366,8120
BA,Bairro,3106200439,Jardim Guanabara,,,,,,,,,,,,,11635,5526,6109
BA,Bairro,3106200440,Juliana,,,,,,,,,,,,,5892,2812,3080
BA,Bairro,3106200441,Lajedo,,,,,,,,,,,,,4862,2372,2490
BA,Bairro,3106200442,Madri,,,,,,,,,,,,,939,458,481
BA,Bairro,3106200443,Maria Tereza,,,,,,,,,,,,,373,185,188
BA,Bairro,3106200444,Mariquinhas,,,,,,,,,,,,,2147,997,1150
BA,Bairro,3106200445,Minaslandia,,,,,,,,,,,,,6490,3092,3398
BA,Bairro,3106200446,Mirante,,,,,,,,,,,,,565,273,292
BA,Bairro,3106200447,Monte Azul,,,,,,,,,,,,,3494,1725,1769
BA,Bairro,3106200448,Novo Aarão Reis,,,,,,,,,,,,,8287,4097,4190
BA,Bairro,3106200449,Novo Tupi,,,,,,,,,,,,,3048,1458,1590
BA,Bairro,3106200450,Planalto,,,,,,,,,,,,,16814,7951,8863
BA,Bairro,3106200451,Primeiro de Maio,,,,,,,,,,,,,2421,1137,1284
BA,Bairro,3106200452,Providencia,,,,,,,,,,,,,7970,3779,4191
BA,Bairro,3106200453,Vila SESC,,,,,,,,,,,,,343,177,166
BA,Bairro,3106200454,São Bernardo,,,,,,,,,,,,,9092,4263,4829
BA,Bairro,3106200455,São Damião,,,,,,,,,,,,,320,161,159
BA,Bairro,3106200456,São Gonçalo,,,,,,,,,,,,,2598,1200,1398
BA,Bairro,3106200457,Vila Jardim Leblon,,,,,,,,,,,,,225,105,120
BA,Bairro,3106200458,Satelite,,,,,,,,,,,,,482,221,261
BA,Bairro,3106200459,Solimoes,,,,,,,,,,,,,1519,743,776
BA,Bairro,3106200460,Tupi A,,,,,,,,,,,,,10668,5071,5597
BA,Bairro,3106200461,Tupi B,,,,,,,,,,,,,13527,6549,6978
BA,Bairro,3106200462,Vila Cloris,,,,,,,,,,,,,7157,3360,3797
BA,Bairro,3106200463,Vila Minaslandia,,,,,,,,,,,,,856,421,435
BA,Bairro,3106200464,Vila Nova,,,,,,,,,,,,,591,286,305
BA,Bairro,3106200465,Vila Primeiro de Maio,,,,,,,,,,,,,4025,1913,2112
BA,Bairro,3106200466,Xodo-Marize,,,,,,,,,,,,,1499,721,778
BA,Bairro,3106200467,Zilah Sposito,,,,,,,,,,,,,2638,1249,1389
BA,Bairro,3106200468,Apolonia,,,,,,,,,,,,,6568,3177,3391
BA,Bairro,3106200469,Candelaria,,,,,,,,,,,,,7495,3492,4003
BA,Bairro,3106200470,Cenaculo,,,,,,,,,,,,,2299,1074,1225
BA,Bairro,3106200471,Conjunto Minas Caixa,,,,,,,,,,,,,4421,2139,2282
BA,Bairro,3106200472,Conjunto Serra Verde,,,,,,,,,,,,,240,112,128
BA,Bairro,3106200473,Vila Mantiqueira,,,,,,,,,,,,,711,340,371
BA,Bairro,3106200474,Europa,,,,,,,,,,,,,10065,4808,5257
BA,Bairro,3106200475,Flamengo,,,,,,,,,,,,,328,143,185
BA,Bairro,3106200476,Jardim dos Comerciarios,,,,,,,,,,,,,21238,10364,10874
BA,Bairro,3106200477,Jardim Leblon,,,,,,,,,,,,,9460,4483,4977
BA,Bairro,3106200478,Lagoa,,,,,,,,,,,,,9127,4322,4805
BA,Bairro,3106200479,Lagoinha Leblon,,,,,,,,,,,,,5973,2862,3111
BA,Bairro,3106200480,Laranjeiras,,,,,,,,,,,,,163,74,89
BA,Bairro,3106200481,Leticia,,,,,,,,,,,,,7715,3717,3998
BA,Bairro,3106200482,Mantiqueira,,,,,,,,,,,,,20282,9708,10574
BA,Bairro,3106200483,Maria Helena,,,,,,,,,,,,,7683,3678,4005
BA,Bairro,3106200484,Minas Caixa,,,,,,,,,,,,,10592,4949,5643
BA,Bairro,3106200485,São João Batista,,,,,,,,,,,,,16503,7828,8675
BA,Bairro,3106200486,Nova America,,,,,,,,,,,,,99,47,52
BA,Bairro,3106200487,Parque São Pedro,,,,,,,,,,,,,2313,1109,1204
BA,Bairro,3106200488,Piratininga,,,,,,,,,,,,,21149,10043,11106
BA,Bairro,3106200489,Rio Branco,,,,,,,,,,,,,12768,6043,6725
BA,Bairro,3106200490,Vila Santa Monica 1ª Seção,,,,,,,,,,,,,1789,836,953
BA,Bairro,3106200491,Vila Santa Monica 2ª Seção,,,,,,,,,,,,,343,169,174
BA,Bairro,3106200492,Itaipu,,,,,,,,,,,,,8676,4171,4505
BA,Bairro,3106200493,Nossa Senhora Aparecida,,,,,,,,,,,,,1603,766,837
